PassengerId,PassengerId_invalid_flag,Survived_invalid_flag,Pclass,Pclass_invalid_flag,Age,Age_invalid_flag,SibSp,SibSp_invalid_flag,Parch,Parch_invalid_flag,Fare,Fare_invalid_flag,Name,Sex,Ticket,Cabin,Embarked,Survived
892.0,0,0,3.0,0,34.5,0,0.0,0,0.0,0,7.8292,0,398,0,-2,-2,2,0
893.0,0,0,3.0,0,47.0,0,1.0,0,0.0,0,7.0,0,-2,1,-2,-2,0,0
894.0,0,0,2.0,0,62.0,0,0.0,0,0.0,0,9.6875,0,-2,0,-2,-2,2,0
895.0,0,0,3.0,0,27.0,0,0.0,0,0.0,0,8.6625,0,-2,0,-2,-2,0,0
896.0,0,0,3.0,0,22.0,0,1.0,0,1.0,0,12.2875,0,-2,1,-2,-2,0,0
897.0,0,0,3.0,0,14.0,0,0.0,0,0.0,0,9.225,0,-2,0,-2,-2,0,0
898.0,0,0,3.0,0,30.0,0,0.0,0,0.0,0,7.6292,0,372,1,-2,-2,2,0
899.0,0,0,2.0,0,26.0,0,1.0,0,1.0,0,29.0,0,-2,0,116,-2,0,0
900.0,0,0,3.0,0,18.0,0,0.0,0,0.0,0,7.2292,0,-2,1,-2,-2,1,0
901.0,0,0,3.0,0,21.0,0,2.0,0,0.0,0,24.15,0,-2,0,90,-2,0,0
902.0,0,0,3.0,0,28.0,1,0.0,0,0.0,0,7.8958,0,-2,0,-2,-2,0,0
903.0,0,0,1.0,0,46.0,0,0.0,0,0.0,0,26.0,0,-2,0,-2,-2,0,0
904.0,0,0,1.0,0,23.0,0,1.0,0,0.0,0,82.2667,0,-2,1,-2,-2,0,1
905.0,0,0,2.0,0,63.0,0,1.0,0,0.0,0,26.0,0,-2,0,-2,-2,0,0
906.0,0,0,1.0,0,47.0,0,1.0,0,0.0,0,61.175,0,-2,1,317,66,0,1
907.0,0,0,2.0,0,24.0,0,1.0,0,0.0,0,27.7208,0,-2,1,-2,-2,1,1
908.0,0,0,2.0,0,35.0,0,0.0,0,0.0,0,12.35,0,-2,0,-2,-2,2,0
909.0,0,0,3.0,0,21.0,0,0.0,0,0.0,0,7.225,0,-2,0,-2,-2,1,0
910.0,0,0,3.0,0,27.0,0,1.0,0,0.0,0,7.925,0,-2,1,-2,-2,0,0
911.0,0,0,3.0,0,45.0,0,0.0,0,0.0,0,7.225,0,-2,1,-2,-2,1,0
912.0,0,0,1.0,0,55.0,0,1.0,0,0.0,0,59.4,0,-2,0,397,-2,1,0
913.0,0,0,3.0,0,9.0,0,0.0,0,1.0,0,3.1708,0,-2,0,-2,-2,0,0
914.0,0,0,1.0,0,28.0,1,0.0,0,0.0,0,31.6833,0,-2,1,-2,-2,0,1
915.0,0,0,1.0,0,21.0,0,0.0,0,1.0,0,61.3792,0,-2,0,-2,-2,1,0
916.0,0,0,1.0,0,48.0,0,1.0,0,3.0,0,262.375,0,-2,1,396,88,1,1
917.0,0,0,3.0,0,50.0,0,1.0,0,0.0,0,14.5,0,-2,0,-2,-2,0,0
918.0,0,0,1.0,0,22.0,0,0.0,0,1.0,0,61.9792,0,-2,1,278,-2,1,1
919.0,0,0,3.0,0,22.5,0,0.0,0,0.0,0,7.225,0,-2,0,-2,-2,1,0
920.0,0,0,1.0,0,41.0,0,0.0,0,0.0,0,30.5,0,-2,0,-2,-2,0,0
921.0,0,0,3.0,0,28.0,1,2.0,0,0.0,0,21.6792,0,-2,0,8,-2,1,0
922.0,0,0,2.0,0,50.0,0,1.0,0,0.0,0,26.0,0,-2,0,483,-2,0,0
923.0,0,0,2.0,0,24.0,0,2.0,0,0.0,0,31.5,0,-2,0,-2,-2,0,0
924.0,0,0,3.0,0,33.0,0,1.0,0,2.0,0,20.575,0,-2,1,375,-2,0,0
925.0,0,0,3.0,0,28.0,1,1.0,0,2.0,0,23.45,0,-2,1,-2,-2,0,0
926.0,0,0,1.0,0,30.0,0,1.0,0,0.0,0,57.75,0,-2,0,-2,67,1,1
927.0,0,0,3.0,0,18.5,0,0.0,0,0.0,0,7.2292,0,-2,0,-2,-2,1,0
928.0,0,0,3.0,0,28.0,1,0.0,0,0.0,0,8.05,0,-2,1,-2,-2,0,0
929.0,0,0,3.0,0,21.0,0,0.0,0,0.0,0,8.6625,0,-2,1,-2,-2,0,0
930.0,0,0,3.0,0,25.0,0,0.0,0,0.0,0,9.5,0,-2,0,-2,-2,0,0
931.0,0,0,3.0,0,28.0,1,0.0,0,0.0,0,56.4958,0,-2,0,132,-2,0,0
932.0,0,0,3.0,0,39.0,0,0.0,0,1.0,0,13.4167,0,-2,0,-2,-2,1,0
933.0,0,0,1.0,0,28.0,1,0.0,0,0.0,0,26.55,0,-2,0,-2,-2,0,0
934.0,0,0,3.0,0,41.0,0,0.0,0,0.0,0,7.85,0,-2,0,-2,-2,0,0
935.0,0,0,2.0,0,30.0,0,0.0,0,0.0,0,13.0,0,-2,1,-2,-2,0,1
936.0,0,0,1.0,0,45.0,0,1.0,0,0.0,0,52.5542,0,-2,1,156,31,0,1
937.0,0,0,3.0,0,25.0,0,0.0,0,0.0,0,7.925,0,-2,0,-2,-2,0,0
938.0,0,0,1.0,0,45.0,0,0.0,0,0.0,0,29.7,0,-2,0,-2,-2,1,0
939.0,0,0,3.0,0,28.0,1,0.0,0,0.0,0,7.75,0,-2,0,-2,-2,2,0
940.0,0,0,1.0,0,60.0,0,0.0,0,0.0,0,76.2917,0,-2,1,-2,-2,1,1
941.0,0,0,3.0,0,36.0,0,0.0,0,2.0,0,15.9,0,-2,1,203,-2,0,0
942.0,0,0,1.0,0,24.0,0,1.0,0,0.0,0,60.0,0,-2,0,-2,-2,0,0
943.0,0,0,2.0,0,27.0,0,0.0,0,0.0,0,15.0333,0,-2,0,-2,-2,1,0
944.0,0,0,2.0,0,20.0,0,2.0,0,1.0,0,23.0,0,-2,1,-2,-2,0,1
945.0,0,0,1.0,0,28.0,0,3.0,0,2.0,0,263.0,0,-2,1,136,27,0,1
946.0,0,0,2.0,0,28.0,1,0.0,0,0.0,0,15.5792,0,-2,0,-2,-2,1,0
947.0,0,0,3.0,0,10.0,0,4.0,0,1.0,0,29.125,0,-2,0,93,-2,2,0
948.0,0,0,3.0,0,35.0,0,0.0,0,0.0,0,7.8958,0,-2,0,-2,-2,0,0
949.0,0,0,3.0,0,25.0,0,0.0,0,0.0,0,7.65,0,-2,0,-2,111,0,0
950.0,0,0,3.0,0,28.0,1,1.0,0,0.0,0,16.1,0,-2,0,48,-2,0,0
951.0,0,0,1.0,0,36.0,0,0.0,0,0.0,0,262.375,0,-2,1,396,-2,1,1
952.0,0,0,3.0,0,17.0,0,0.0,0,0.0,0,7.8958,0,-2,0,-2,-2,0,0
953.0,0,0,2.0,0,32.0,0,0.0,0,0.0,0,13.5,0,-2,0,-2,-2,0,0
954.0,0,0,3.0,0,18.0,0,0.0,0,0.0,0,7.75,0,-2,0,-2,-2,0,0
955.0,0,0,3.0,0,22.0,0,0.0,0,0.0,0,7.725,0,-2,1,-2,-2,2,0
956.0,0,0,1.0,0,13.0,0,2.0,0,2.0,0,262.375,0,-2,0,396,88,1,1
957.0,0,0,2.0,0,28.0,1,0.0,0,0.0,0,21.0,0,-2,1,-2,-2,0,1
958.0,0,0,3.0,0,18.0,0,0.0,0,0.0,0,7.8792,0,-2,1,-2,-2,2,0
959.0,0,0,1.0,0,47.0,0,0.0,0,0.0,0,42.4,0,-2,0,15,-2,0,0
960.0,0,0,1.0,0,31.0,0,0.0,0,0.0,0,28.5375,0,-2,0,-2,-2,1,0
961.0,0,0,1.0,0,60.0,0,1.0,0,4.0,0,263.0,0,-2,1,136,27,0,1
962.0,0,0,3.0,0,24.0,0,0.0,0,0.0,0,7.75,0,-2,1,-2,-2,2,0
963.0,0,0,3.0,0,21.0,0,0.0,0,0.0,0,7.8958,0,-2,0,-2,-2,0,0
964.0,0,0,3.0,0,29.0,0,0.0,0,0.0,0,7.925,0,-2,1,-2,-2,0,0
965.0,0,0,1.0,0,28.5,0,0.0,0,0.0,0,27.7208,0,-2,0,-2,-2,1,0
966.0,0,0,1.0,0,35.0,0,0.0,0,0.0,0,211.5,0,-2,1,374,-2,1,1
967.0,0,0,1.0,0,32.5,0,0.0,0,0.0,0,211.5,0,-2,0,374,-2,1,0
968.0,0,0,3.0,0,28.0,1,0.0,0,0.0,0,8.05,0,-2,0,-2,-2,0,0
969.0,0,0,1.0,0,55.0,0,2.0,0,0.0,0,25.7,0,-2,1,-2,85,0,1
970.0,0,0,2.0,0,30.0,0,0.0,0,0.0,0,13.0,0,-2,0,-2,-2,0,0
971.0,0,0,3.0,0,24.0,0,0.0,0,0.0,0,7.75,0,-2,1,-2,-2,2,0
972.0,0,0,3.0,0,6.0,0,1.0,0,1.0,0,15.2458,0,-2,0,365,-2,1,0
973.0,0,0,1.0,0,67.0,0,1.0,0,0.0,0,221.7792,0,-2,0,282,-2,0,0
974.0,0,0,1.0,0,49.0,0,0.0,0,0.0,0,26.0,0,-2,0,-2,-2,0,0
975.0,0,0,3.0,0,28.0,1,0.0,0,0.0,0,7.8958,0,-2,0,-2,-2,0,0
976.0,0,0,2.0,0,28.0,1,0.0,0,0.0,0,10.7083,0,-2,0,-2,-2,2,0
977.0,0,0,3.0,0,28.0,1,1.0,0,0.0,0,14.4542,0,-2,0,-2,-2,1,0
978.0,0,0,3.0,0,27.0,0,0.0,0,0.0,0,7.8792,0,-2,1,-2,-2,2,0
979.0,0,0,3.0,0,18.0,0,0.0,0,0.0,0,8.05,0,-2,1,-2,-2,0,0
980.0,0,0,3.0,0,28.0,1,0.0,0,0.0,0,7.75,0,-2,1,-2,-2,2,0
981.0,0,0,2.0,0,2.0,0,1.0,0,1.0,0,23.0,0,-2,0,-2,-2,0,1
982.0,0,0,3.0,0,22.0,0,1.0,0,0.0,0,13.9,0,-2,1,-2,-2,0,0
983.0,0,0,3.0,0,28.0,1,0.0,0,0.0,0,7.775,0,-2,0,-2,-2,0,0
984.0,0,0,1.0,0,27.0,0,1.0,0,2.0,0,52.0,0,-2,1,284,60,0,1
985.0,0,0,3.0,0,28.0,1,0.0,0,0.0,0,8.05,0,-2,0,-2,-2,0,0
986.0,0,0,1.0,0,25.0,0,0.0,0,0.0,0,26.0,0,-2,0,-2,-2,1,0
987.0,0,0,3.0,0,25.0,0,0.0,0,0.0,0,7.7958,0,-2,0,-2,-2,0,0
988.0,0,0,1.0,0,76.0,0,1.0,0,0.0,0,78.85,0,-2,1,186,37,0,1
989.0,0,0,3.0,0,29.0,0,0.0,0,0.0,0,7.925,0,-2,0,-2,-2,0,0
990.0,0,0,3.0,0,20.0,0,0.0,0,0.0,0,7.8542,0,-2,1,-2,-2,0,0
991.0,0,0,3.0,0,33.0,0,0.0,0,0.0,0,8.05,0,-2,0,-2,-2,0,0
992.0,0,0,1.0,0,43.0,0,1.0,0,0.0,0,55.4417,0,-2,1,-2,-2,1,1
993.0,0,0,2.0,0,27.0,0,1.0,0,0.0,0,26.0,0,-2,0,-2,-2,0,0
994.0,0,0,3.0,0,28.0,1,0.0,0,0.0,0,7.75,0,-2,0,-2,-2,2,0
995.0,0,0,3.0,0,26.0,0,0.0,0,0.0,0,7.775,0,-2,0,-2,-2,0,0
996.0,0,0,3.0,0,16.0,0,1.0,0,1.0,0,8.5167,0,-2,1,158,-2,1,0
997.0,0,0,3.0,0,28.0,0,0.0,0,0.0,0,22.525,0,-2,0,355,-2,0,0
998.0,0,0,3.0,0,21.0,0,0.0,0,0.0,0,7.8208,0,-2,0,-2,-2,2,0
999.0,0,0,3.0,0,28.0,1,0.0,0,0.0,0,7.75,0,-2,0,-2,-2,2,0
1000.0,0,0,3.0,0,28.0,1,0.0,0,0.0,0,8.7125,0,-2,0,-2,-2,0,0
1001.0,0,0,2.0,0,18.5,0,0.0,0,0.0,0,13.0,0,-2,0,-2,-2,0,0
1002.0,0,0,2.0,0,41.0,0,0.0,0,0.0,0,15.0458,0,-2,0,-2,-2,1,0
1003.0,0,0,3.0,0,28.0,1,0.0,0,0.0,0,7.7792,0,-2,1,-2,-2,2,0
1004.0,0,0,1.0,0,36.0,0,0.0,0,0.0,0,31.6792,0,-2,1,-2,-2,1,1
1005.0,0,0,3.0,0,18.5,0,0.0,0,0.0,0,7.2833,0,-2,1,-2,-2,2,0
1006.0,0,0,1.0,0,63.0,0,1.0,0,0.0,0,221.7792,0,-2,1,282,-2,0,1
1007.0,0,0,3.0,0,18.0,0,1.0,0,0.0,0,14.4542,0,-2,0,283,-2,1,0
1008.0,0,0,3.0,0,28.0,1,0.0,0,0.0,0,6.4375,0,-2,0,-2,-2,1,0
1009.0,0,0,3.0,0,1.0,0,1.0,0,1.0,0,16.7,0,-2,1,223,46,0,1
1010.0,0,0,1.0,0,36.0,0,0.0,0,0.0,0,75.2417,0,-2,0,-2,-2,1,0
1011.0,0,0,2.0,0,29.0,0,1.0,0,0.0,0,26.0,0,-2,1,494,-2,0,1
1012.0,0,0,2.0,0,12.0,0,0.0,0,0.0,0,15.75,0,-2,1,353,-2,0,1
1013.0,0,0,3.0,0,28.0,1,1.0,0,0.0,0,7.75,0,-2,0,-2,-2,2,0
1014.0,0,0,1.0,0,35.0,0,1.0,0,0.0,0,57.75,0,-2,1,-2,-2,1,1
1015.0,0,0,3.0,0,28.0,0,0.0,0,0.0,0,7.25,0,-2,0,-2,-2,0,0
1016.0,0,0,3.0,0,28.0,1,0.0,0,0.0,0,7.75,0,-2,0,-2,-2,2,0
1017.0,0,0,3.0,0,17.0,0,0.0,0,1.0,0,16.1,0,-2,1,24,-2,0,0
1018.0,0,0,3.0,0,22.0,0,0.0,0,0.0,0,7.7958,0,-2,0,-2,-2,0,0
1019.0,0,0,3.0,0,28.0,1,2.0,0,0.0,0,23.25,0,-2,1,338,-2,2,0
1020.0,0,0,2.0,0,42.0,0,0.0,0,0.0,0,13.0,0,-2,0,-2,-2,0,0
1021.0,0,0,3.0,0,24.0,0,0.0,0,0.0,0,8.05,0,-2,0,-2,-2,0,0
1022.0,0,0,3.0,0,32.0,0,0.0,0,0.0,0,8.05,0,-2,0,-2,-2,0,0
1023.0,0,0,1.0,0,53.0,0,0.0,0,0.0,0,28.5,0,-2,0,-2,-2,1,0
1024.0,0,0,3.0,0,28.0,1,0.0,0,4.0,0,25.4667,0,-2,1,56,-2,0,0
1025.0,0,0,3.0,0,28.0,1,1.0,0,0.0,0,6.4375,0,-2,0,-2,-2,1,0
1026.0,0,0,3.0,0,43.0,0,0.0,0,0.0,0,7.8958,0,-2,0,-2,-2,0,0
1027.0,0,0,3.0,0,24.0,0,0.0,0,0.0,0,7.8542,0,-2,0,-2,-2,0,0
1028.0,0,0,3.0,0,26.5,0,0.0,0,0.0,0,7.225,0,-2,0,-2,-2,1,0
1029.0,0,0,2.0,0,26.0,0,0.0,0,0.0,0,13.0,0,-2,0,-2,-2,0,0
1030.0,0,0,3.0,0,23.0,0,0.0,0,0.0,0,8.05,0,-2,1,-2,-2,0,0
1031.0,0,0,3.0,0,40.0,0,1.0,0,6.0,0,46.9,0,-2,0,163,-2,0,0
1032.0,0,0,3.0,0,10.0,0,5.0,0,2.0,0,46.9,0,-2,1,163,-2,0,0
1033.0,0,0,1.0,0,33.0,0,0.0,0,0.0,0,151.55,0,-2,1,45,-2,0,1
1034.0,0,0,1.0,0,61.0,0,1.0,0,3.0,0,262.375,0,-2,0,396,88,1,0
1035.0,0,0,2.0,0,28.0,0,0.0,0,0.0,0,26.0,0,-2,0,215,-2,0,0
1036.0,0,0,1.0,0,42.0,0,0.0,0,0.0,0,26.55,0,-2,0,-2,-2,0,0
1037.0,0,0,3.0,0,31.0,0,3.0,0,0.0,0,18.0,0,-2,0,416,-2,0,0
1038.0,0,0,1.0,0,28.0,1,0.0,0,0.0,0,51.8625,0,-2,0,404,90,0,0
1039.0,0,0,3.0,0,22.0,0,0.0,0,0.0,0,8.05,0,-2,0,-2,-2,0,0
1040.0,0,0,1.0,0,28.0,1,0.0,0,0.0,0,26.55,0,-2,0,-2,-2,0,0
1041.0,0,0,2.0,0,30.0,0,1.0,0,1.0,0,26.0,0,-2,0,222,-2,0,0
1042.0,0,0,1.0,0,23.0,0,0.0,0,1.0,0,83.1583,0,-2,1,72,53,1,1
1043.0,0,0,3.0,0,28.0,1,0.0,0,0.0,0,7.8958,0,-2,0,-2,-2,1,0
1044.0,0,0,3.0,0,60.5,0,0.0,0,0.0,0,14.5,1,-2,0,-2,-2,0,0
1045.0,0,0,3.0,0,36.0,0,0.0,0,2.0,0,12.1833,0,-2,1,-2,-2,0,0
1046.0,0,0,3.0,0,13.0,0,4.0,0,2.0,0,31.3875,0,-2,0,313,-2,0,0
1047.0,0,0,3.0,0,24.0,0,0.0,0,0.0,0,7.55,0,-2,0,-2,-2,0,0
1048.0,0,0,1.0,0,29.0,0,0.0,0,0.0,0,221.7792,0,-2,1,282,-2,0,1
1049.0,0,0,3.0,0,23.0,0,0.0,0,0.0,0,7.8542,0,-2,1,-2,-2,0,0
1050.0,0,0,1.0,0,42.0,0,0.0,0,0.0,0,26.55,0,-2,0,-2,-2,0,0
1051.0,0,0,3.0,0,26.0,0,0.0,0,2.0,0,13.775,0,-2,1,-2,-2,0,0
1052.0,0,0,3.0,0,28.0,1,0.0,0,0.0,0,7.7333,0,-2,1,-2,-2,2,0
1053.0,0,0,3.0,0,7.0,0,1.0,0,1.0,0,15.2458,0,-2,0,174,-2,1,0
1054.0,0,0,2.0,0,26.0,0,0.0,0,0.0,0,13.5,0,-2,1,-2,-2,0,1
1055.0,0,0,3.0,0,28.0,1,0.0,0,0.0,0,7.0,0,-2,0,-2,-2,0,0
1056.0,0,0,2.0,0,41.0,0,0.0,0,0.0,0,13.0,0,-2,0,-2,-2,0,0
1057.0,0,0,3.0,0,26.0,0,1.0,0,1.0,0,22.025,0,-2,1,-2,-2,0,0
1058.0,0,0,1.0,0,48.0,0,0.0,0,0.0,0,50.4958,0,-2,0,-2,-2,1,0
1059.0,0,0,3.0,0,18.0,0,2.0,0,2.0,0,34.375,0,-2,0,198,-2,0,0
1060.0,0,0,1.0,0,28.0,1,0.0,0,0.0,0,27.7208,0,-2,1,-2,-2,1,1
1061.0,0,0,3.0,0,22.0,0,0.0,0,0.0,0,8.9625,0,-2,1,-2,-2,0,0
1062.0,0,0,3.0,0,28.0,1,0.0,0,0.0,0,7.55,0,-2,0,-2,-2,0,0
1063.0,0,0,3.0,0,27.0,0,0.0,0,0.0,0,7.225,0,-2,0,-2,-2,1,0
1064.0,0,0,3.0,0,23.0,0,1.0,0,0.0,0,13.9,0,-2,0,-2,-2,0,0
1065.0,0,0,3.0,0,28.0,1,0.0,0,0.0,0,7.2292,0,-2,0,-2,-2,1,0
1066.0,0,0,3.0,0,40.0,0,1.0,0,5.0,0,31.3875,0,-2,0,313,-2,0,0
1067.0,0,0,2.0,0,15.0,0,0.0,0,2.0,0,39.0,0,-2,1,5,-2,0,1
1068.0,0,0,2.0,0,20.0,0,0.0,0,0.0,0,36.75,0,-2,1,77,-2,0,1
1069.0,0,0,1.0,0,54.0,0,1.0,0,0.0,0,55.4417,0,-2,0,-2,-2,1,0
1070.0,0,0,2.0,0,36.0,0,0.0,0,3.0,0,39.0,0,-2,1,184,36,0,1
1071.0,0,0,1.0,0,64.0,0,0.0,0,2.0,0,83.1583,0,-2,1,281,-2,1,1
1072.0,0,0,2.0,0,30.0,0,0.0,0,0.0,0,13.0,0,-2,0,-2,-2,0,0
1073.0,0,0,1.0,0,37.0,0,1.0,0,1.0,0,83.1583,0,-2,0,281,-2,1,0
1074.0,0,0,1.0,0,18.0,0,1.0,0,0.0,0,53.1,0,-2,1,218,45,0,1
1075.0,0,0,3.0,0,28.0,1,0.0,0,0.0,0,7.75,0,-2,0,-2,-2,2,0
1076.0,0,0,1.0,0,27.0,0,1.0,0,1.0,0,247.5208,0,-2,1,324,68,1,1
1077.0,0,0,2.0,0,40.0,0,0.0,0,0.0,0,16.0,0,-2,0,-2,-2,0,0
1078.0,0,0,2.0,0,21.0,0,0.0,0,1.0,0,21.0,0,-2,1,-2,-2,0,1
1079.0,0,0,3.0,0,17.0,0,2.0,0,0.0,0,8.05,0,-2,0,-2,-2,0,0
1080.0,0,0,3.0,0,28.0,1,8.0,0,2.0,0,69.55,0,-2,1,195,-2,0,0
1081.0,0,0,2.0,0,40.0,0,0.0,0,0.0,0,13.0,0,-2,0,-2,-2,0,0
1082.0,0,0,2.0,0,34.0,0,1.0,0,0.0,0,26.0,0,-2,0,-2,-2,0,0
1083.0,0,0,1.0,0,28.0,1,0.0,0,0.0,0,26.0,0,-2,0,-2,-2,0,0
1084.0,0,0,3.0,0,11.5,0,1.0,0,1.0,0,14.5,0,-2,0,-2,-2,0,0
1085.0,0,0,2.0,0,61.0,0,0.0,0,0.0,0,12.35,0,-2,0,-2,-2,2,0
1086.0,0,0,2.0,0,8.0,0,0.0,0,2.0,0,32.5,0,-2,0,175,-2,0,0
1087.0,0,0,3.0,0,33.0,0,0.0,0,0.0,0,7.8542,0,-2,0,-2,-2,0,0
1088.0,0,0,1.0,0,6.0,0,0.0,0,2.0,0,134.5,0,-2,0,191,38,1,1
1089.0,0,0,3.0,0,18.0,0,0.0,0,0.0,0,7.775,0,-2,1,-2,-2,0,0
1090.0,0,0,2.0,0,23.0,0,0.0,0,0.0,0,10.5,0,-2,0,-2,-2,0,0
1091.0,0,0,3.0,0,28.0,1,0.0,0,0.0,0,8.1125,0,-2,1,-2,-2,0,0
1092.0,0,0,3.0,0,28.0,1,0.0,0,0.0,0,15.5,0,-2,1,-2,-2,2,0
1093.0,0,0,3.0,0,0.33,0,0.0,0,2.0,0,14.4,0,-2,0,114,-2,0,1
1094.0,0,0,1.0,0,47.0,0,1.0,0,0.0,0,227.525,0,-2,0,344,76,1,1
1095.0,0,0,2.0,0,8.0,0,1.0,0,1.0,0,26.0,0,-2,1,188,-2,0,1
1096.0,0,0,2.0,0,25.0,0,0.0,0,0.0,0,10.5,0,-2,0,-2,-2,0,0
1097.0,0,0,1.0,0,28.0,1,0.0,0,0.0,0,25.7417,0,-2,0,-2,-2,1,0
1098.0,0,0,3.0,0,35.0,0,0.0,0,0.0,0,7.75,0,-2,1,-2,-2,2,0
1099.0,0,0,2.0,0,24.0,0,0.0,0,0.0,0,10.5,0,-2,0,-2,-2,0,0
1100.0,0,0,1.0,0,33.0,0,0.0,0,0.0,0,27.7208,0,-2,1,-2,-2,1,1
1101.0,0,0,3.0,0,25.0,0,0.0,0,0.0,0,7.8958,0,-2,0,-2,-2,0,0
1102.0,0,0,3.0,0,32.0,0,0.0,0,0.0,0,22.525,0,-2,0,355,-2,0,0
1103.0,0,0,3.0,0,28.0,1,0.0,0,0.0,0,7.05,0,-2,0,-2,-2,0,0
1104.0,0,0,2.0,0,17.0,0,0.0,0,0.0,0,73.5,0,-2,0,330,-2,0,0
1105.0,0,0,2.0,0,60.0,0,1.0,0,0.0,0,26.0,0,-2,1,-2,-2,0,1
1106.0,0,0,3.0,0,38.0,0,4.0,0,2.0,0,7.775,0,-2,1,-2,-2,0,0
1107.0,0,0,1.0,0,42.0,0,0.0,0,0.0,0,42.5,0,-2,0,-2,-2,0,0
1108.0,0,0,3.0,0,28.0,1,0.0,0,0.0,0,7.8792,0,-2,1,-2,-2,2,0
1109.0,0,0,1.0,0,57.0,0,1.0,0,1.0,0,164.8667,0,-2,0,181,-2,0,0
1110.0,0,0,1.0,0,50.0,0,1.0,0,1.0,0,211.5,0,-2,1,374,-2,1,1
1111.0,0,0,3.0,0,28.0,1,0.0,0,0.0,0,8.05,0,-2,0,-2,-2,0,0
1112.0,0,0,2.0,0,30.0,0,1.0,0,0.0,0,13.8583,0,-2,1,-2,-2,1,1
1113.0,0,0,3.0,0,21.0,0,0.0,0,0.0,0,8.05,0,-2,0,-2,-2,0,0
1114.0,0,0,2.0,0,22.0,0,0.0,0,0.0,0,10.5,0,-2,1,-2,35,0,1
1115.0,0,0,3.0,0,21.0,0,0.0,0,0.0,0,7.7958,0,-2,0,-2,-2,0,0
1116.0,0,0,1.0,0,53.0,0,0.0,0,0.0,0,27.4458,0,-2,1,-2,-2,1,1
1117.0,0,0,3.0,0,28.0,1,0.0,0,2.0,0,15.2458,0,-2,1,81,-2,1,0
1118.0,0,0,3.0,0,23.0,0,0.0,0,0.0,0,7.7958,0,-2,0,-2,-2,0,0
1119.0,0,0,3.0,0,28.0,1,0.0,0,0.0,0,7.75,0,-2,1,-2,-2,2,0
1120.0,0,0,3.0,0,40.5,0,0.0,0,0.0,0,15.1,0,-2,0,371,-2,0,0
1121.0,0,0,2.0,0,36.0,0,0.0,0,0.0,0,13.0,0,-2,0,-2,-2,0,0
1122.0,0,0,2.0,0,14.0,0,0.0,0,0.0,0,65.0,0,-2,0,245,-2,0,0
1123.0,0,0,1.0,0,21.0,0,0.0,0,0.0,0,26.55,0,-2,1,-2,-2,0,1
1124.0,0,0,3.0,0,21.0,0,1.0,0,0.0,0,6.4958,0,-2,0,-2,-2,0,0
1125.0,0,0,3.0,0,28.0,1,0.0,0,0.0,0,7.8792,0,-2,0,-2,-2,2,0
1126.0,0,0,1.0,0,39.0,0,1.0,0,0.0,0,71.2833,0,-2,0,462,105,1,1
1127.0,0,0,3.0,0,20.0,0,0.0,0,0.0,0,7.8542,0,-2,0,-2,-2,0,0
1128.0,0,0,1.0,0,64.0,0,1.0,0,0.0,0,75.25,0,-2,0,-2,-2,1,0
1129.0,0,0,3.0,0,20.0,0,0.0,0,0.0,0,7.225,0,-2,0,-2,-2,1,0
1130.0,0,0,2.0,0,18.0,0,1.0,0,1.0,0,13.0,0,-2,1,-2,-2,0,1
1131.0,0,0,1.0,0,48.0,0,1.0,0,0.0,0,106.425,0,-2,1,-2,-2,1,1
1132.0,0,0,1.0,0,55.0,0,0.0,0,0.0,0,27.7208,0,-2,1,-2,-2,1,1
1133.0,0,0,2.0,0,45.0,0,0.0,0,2.0,0,30.0,0,-2,1,384,-2,0,1
1134.0,0,0,1.0,0,45.0,0,1.0,0,1.0,0,134.5,0,-2,0,191,38,1,1
1135.0,0,0,3.0,0,28.0,1,0.0,0,0.0,0,7.8875,0,-2,0,-2,-2,0,0
1136.0,0,0,3.0,0,28.0,1,1.0,0,2.0,0,23.45,0,-2,0,-2,-2,0,0
1137.0,0,0,1.0,0,41.0,0,1.0,0,0.0,0,51.8625,0,-2,0,269,52,0,1
1138.0,0,0,2.0,0,22.0,0,0.0,0,0.0,0,21.0,0,-2,1,-2,-2,0,1
1139.0,0,0,2.0,0,42.0,0,1.0,0,1.0,0,32.5,0,-2,0,175,-2,0,0
1140.0,0,0,2.0,0,29.0,0,1.0,0,0.0,0,26.0,0,-2,1,220,-2,0,1
1141.0,0,0,3.0,0,28.0,1,1.0,0,0.0,0,14.4542,0,-2,1,-2,-2,1,0
1142.0,0,0,2.0,0,0.92,0,1.0,0,2.0,0,27.75,0,-2,1,415,-2,0,1
1143.0,0,0,3.0,0,20.0,0,0.0,0,0.0,0,7.925,0,-2,0,-2,-2,0,0
1144.0,0,0,1.0,0,27.0,0,1.0,0,0.0,0,136.7792,0,-2,0,-2,-2,1,0
1145.0,0,0,3.0,0,24.0,0,0.0,0,0.0,0,9.325,0,-2,0,-2,-2,0,0
1146.0,0,0,3.0,0,32.5,0,0.0,0,0.0,0,9.5,0,-2,0,-2,-2,0,0
1147.0,0,0,3.0,0,28.0,1,0.0,0,0.0,0,7.55,0,-2,0,-2,-2,0,0
1148.0,0,0,3.0,0,28.0,1,0.0,0,0.0,0,7.75,0,-2,0,-2,-2,2,0
1149.0,0,0,3.0,0,28.0,0,0.0,0,0.0,0,8.05,0,-2,0,-2,-2,0,0
1150.0,0,0,2.0,0,19.0,0,0.0,0,0.0,0,13.0,0,-2,1,-2,-2,0,1
1151.0,0,0,3.0,0,21.0,0,0.0,0,0.0,0,7.775,0,-2,0,-2,-2,0,0
1152.0,0,0,3.0,0,36.5,0,1.0,0,0.0,0,17.4,0,-2,0,-2,-2,0,0
1153.0,0,0,3.0,0,21.0,0,0.0,0,0.0,0,7.8542,0,-2,0,-2,-2,0,0
1154.0,0,0,2.0,0,29.0,0,0.0,0,2.0,0,23.0,0,-2,1,-2,-2,0,1
1155.0,0,0,3.0,0,1.0,0,1.0,0,1.0,0,12.1833,0,-2,1,-2,-2,0,1
1156.0,0,0,2.0,0,30.0,0,0.0,0,0.0,0,12.7375,0,-2,0,-2,-2,1,0
1157.0,0,0,3.0,0,28.0,1,0.0,0,0.0,0,7.8958,0,-2,0,-2,-2,0,0
1158.0,0,0,1.0,0,28.0,1,0.0,0,0.0,0,0.0,0,-2,0,-2,-2,0,0
1159.0,0,0,3.0,0,28.0,1,0.0,0,0.0,0,7.55,0,-2,0,-2,-2,0,0
1160.0,0,0,3.0,0,28.0,1,0.0,0,0.0,0,8.05,0,-2,1,-2,-2,0,0
1161.0,0,0,3.0,0,17.0,0,0.0,0,0.0,0,8.6625,0,-2,0,-2,-2,0,0
1162.0,0,0,1.0,0,46.0,0,0.0,0,0.0,0,75.2417,0,-2,0,-2,-2,1,0
1163.0,0,0,3.0,0,28.0,1,0.0,0,0.0,0,7.75,0,-2,0,-2,-2,2,0
1164.0,0,0,1.0,0,26.0,0,1.0,0,0.0,0,136.7792,0,-2,1,-2,-2,1,1
1165.0,0,0,3.0,0,28.0,1,1.0,0,0.0,0,15.5,0,-2,1,180,-2,2,0
1166.0,0,0,3.0,0,28.0,1,0.0,0,0.0,0,7.225,0,-2,0,-2,-2,1,0
1167.0,0,0,2.0,0,20.0,0,1.0,0,0.0,0,26.0,0,-2,1,66,-2,0,1
1168.0,0,0,2.0,0,28.0,0,0.0,0,0.0,0,10.5,0,-2,0,-2,-2,0,0
1169.0,0,0,2.0,0,40.0,0,1.0,0,0.0,0,26.0,0,-2,0,-2,-2,0,0
1170.0,0,0,2.0,0,30.0,0,1.0,0,0.0,0,21.0,0,-2,0,-2,-2,0,0
1171.0,0,0,2.0,0,22.0,0,0.0,0,0.0,0,10.5,0,-2,0,-2,-2,0,0
1172.0,0,0,3.0,0,23.0,0,0.0,0,0.0,0,8.6625,0,-2,1,-2,-2,0,0
1173.0,0,0,3.0,0,0.75,0,1.0,0,1.0,0,13.775,0,-2,0,-2,-2,0,1
1174.0,0,0,3.0,0,28.0,1,0.0,0,0.0,0,7.75,0,-2,1,-2,-2,2,0
1175.0,0,0,3.0,0,9.0,0,1.0,0,1.0,0,15.2458,0,-2,1,174,-2,1,0
1176.0,0,0,3.0,0,2.0,0,1.0,0,1.0,0,20.2125,0,-2,1,4,-2,0,0
1177.0,0,0,3.0,0,36.0,0,0.0,0,0.0,0,7.25,0,-2,0,-2,-2,0,0
1178.0,0,0,3.0,0,28.0,1,0.0,0,0.0,0,7.25,0,-2,0,-2,-2,0,0
1179.0,0,0,1.0,0,24.0,0,1.0,0,0.0,0,82.2667,0,-2,0,-2,-2,0,0
1180.0,0,0,3.0,0,28.0,1,0.0,0,0.0,0,7.2292,0,-2,0,-2,-2,1,0
1181.0,0,0,3.0,0,28.0,1,0.0,0,0.0,0,8.05,0,-2,0,-2,-2,0,0
1182.0,0,0,1.0,0,28.0,1,0.0,0,0.0,0,39.6,0,-2,0,-2,-2,0,0
1183.0,0,0,3.0,0,30.0,0,0.0,0,0.0,0,6.95,0,-2,1,-2,-2,2,0
1184.0,0,0,3.0,0,28.0,1,0.0,0,0.0,0,7.2292,0,-2,0,-2,-2,1,0
1185.0,0,0,1.0,0,53.0,0,1.0,0,1.0,0,81.8583,0,-2,0,-2,-2,0,0
1186.0,0,0,3.0,0,36.0,0,0.0,0,0.0,0,9.5,0,-2,0,-2,-2,0,0
1187.0,0,0,3.0,0,26.0,0,0.0,0,0.0,0,7.8958,0,-2,0,-2,-2,0,0
1188.0,0,0,2.0,0,1.0,0,1.0,0,2.0,0,41.5792,0,-2,1,346,-2,1,1
1189.0,0,0,3.0,0,28.0,1,2.0,0,0.0,0,21.6792,0,-2,0,8,-2,1,0
1190.0,0,0,1.0,0,30.0,0,0.0,0,0.0,0,45.5,0,-2,0,-2,-2,0,0
1191.0,0,0,3.0,0,29.0,0,0.0,0,0.0,0,7.8542,0,-2,0,-2,-2,0,0
1192.0,0,0,3.0,0,32.0,0,0.0,0,0.0,0,7.775,0,-2,0,-2,-2,0,0
1193.0,0,0,2.0,0,28.0,1,0.0,0,0.0,0,15.0458,0,-2,0,-2,2,1,0
1194.0,0,0,2.0,0,43.0,0,0.0,0,1.0,0,21.0,0,-2,0,-2,-2,0,0
1195.0,0,0,3.0,0,24.0,0,0.0,0,0.0,0,8.6625,0,-2,0,-2,-2,0,0
1196.0,0,0,3.0,0,28.0,1,0.0,0,0.0,0,7.75,0,-2,1,-2,-2,2,0
1197.0,0,0,1.0,0,64.0,0,1.0,0,1.0,0,26.55,0,-2,1,-2,-2,0,1
1198.0,0,0,1.0,0,30.0,0,1.0,0,2.0,0,151.55,0,-2,0,45,8,0,1
1199.0,0,0,3.0,0,0.83,0,0.0,0,1.0,0,9.35,0,-2,0,-2,-2,0,0
1200.0,0,0,1.0,0,55.0,0,1.0,0,1.0,0,93.5,0,-2,0,49,19,0,1
1201.0,0,0,3.0,0,45.0,0,1.0,0,0.0,0,14.1083,0,-2,1,-2,-2,0,0
1202.0,0,0,3.0,0,18.0,0,0.0,0,0.0,0,8.6625,0,-2,0,-2,-2,0,0
1203.0,0,0,3.0,0,22.0,0,0.0,0,0.0,0,7.225,0,-2,0,-2,-2,1,0
1204.0,0,0,3.0,0,28.0,1,0.0,0,0.0,0,7.575,0,-2,0,-2,-2,0,0
1205.0,0,0,3.0,0,37.0,0,0.0,0,0.0,0,7.75,0,-2,1,-2,-2,2,0
1206.0,0,0,1.0,0,55.0,0,0.0,0,0.0,0,135.6333,0,-2,1,257,-2,1,1
1207.0,0,0,3.0,0,17.0,0,0.0,0,0.0,0,7.7333,0,-2,1,-2,-2,2,0
1208.0,0,0,1.0,0,57.0,0,1.0,0,0.0,0,146.5208,0,-2,0,275,55,1,1
1209.0,0,0,2.0,0,19.0,0,0.0,0,0.0,0,10.5,0,-2,0,-2,-2,0,0
1210.0,0,0,3.0,0,27.0,0,0.0,0,0.0,0,7.8542,0,-2,0,-2,-2,0,0
1211.0,0,0,2.0,0,22.0,0,2.0,0,0.0,0,31.5,0,-2,0,-2,-2,0,0
1212.0,0,0,3.0,0,26.0,0,0.0,0,0.0,0,7.775,0,-2,0,-2,-2,0,0
1213.0,0,0,3.0,0,25.0,0,0.0,0,0.0,0,7.2292,0,-2,0,-2,-2,1,0
1214.0,0,0,2.0,0,26.0,0,0.0,0,0.0,0,13.0,0,-2,0,-2,5,0,0
1215.0,0,0,1.0,0,33.0,0,0.0,0,0.0,0,26.55,0,-2,0,-2,-2,0,0
1216.0,0,0,1.0,0,39.0,0,0.0,0,0.0,0,211.3375,0,-2,1,115,-2,0,1
1217.0,0,0,3.0,0,23.0,0,0.0,0,0.0,0,7.05,0,-2,0,-2,-2,0,0
1218.0,0,0,2.0,0,12.0,0,2.0,0,1.0,0,39.0,0,-2,1,184,36,0,1
1219.0,0,0,1.0,0,46.0,0,0.0,0,0.0,0,79.2,0,-2,0,96,-2,1,0
1220.0,0,0,2.0,0,29.0,0,1.0,0,0.0,0,26.0,0,-2,0,-2,-2,0,0
1221.0,0,0,2.0,0,21.0,0,0.0,0,0.0,0,13.0,0,-2,0,-2,-2,0,0
1222.0,0,0,2.0,0,48.0,0,0.0,0,2.0,0,36.75,0,-2,1,77,-2,0,1
1223.0,0,0,1.0,0,39.0,0,0.0,0,0.0,0,29.7,0,-2,0,-2,-2,1,0
1224.0,0,0,3.0,0,28.0,1,0.0,0,0.0,0,7.225,0,-2,0,-2,-2,1,0
1225.0,0,0,3.0,0,19.0,0,1.0,0,1.0,0,15.7417,0,-2,1,434,-2,1,0
1226.0,0,0,3.0,0,27.0,0,0.0,0,0.0,0,7.8958,0,-2,0,-2,-2,0,0
1227.0,0,0,1.0,0,30.0,0,0.0,0,0.0,0,26.0,0,-2,0,-2,113,0,0
1228.0,0,0,2.0,0,32.0,0,0.0,0,0.0,0,13.0,0,-2,0,-2,-2,0,0
1229.0,0,0,3.0,0,39.0,0,0.0,0,2.0,0,7.2292,0,-2,0,-2,-2,1,0
1230.0,0,0,2.0,0,25.0,0,0.0,0,0.0,0,31.5,0,-2,0,-2,-2,0,0
1231.0,0,0,3.0,0,28.0,1,0.0,0,0.0,0,7.2292,0,-2,0,-2,-2,1,0
1232.0,0,0,2.0,0,18.0,0,0.0,0,0.0,0,10.5,0,-2,0,-2,-2,0,0
1233.0,0,0,3.0,0,32.0,0,0.0,0,0.0,0,7.5792,0,-2,0,-2,-2,0,0
1234.0,0,0,3.0,0,28.0,1,1.0,0,9.0,0,69.55,0,-2,0,195,-2,0,0
1235.0,0,0,1.0,0,58.0,0,0.0,0,1.0,0,512.3292,0,-2,1,-2,91,1,1
1236.0,0,0,3.0,0,28.0,1,1.0,0,1.0,0,14.5,0,-2,0,-2,-2,0,0
1237.0,0,0,3.0,0,16.0,0,0.0,0,0.0,0,7.65,0,-2,1,-2,-2,0,0
1238.0,0,0,2.0,0,26.0,0,0.0,0,0.0,0,13.0,0,-2,0,-2,-2,0,0
1239.0,0,0,3.0,0,38.0,0,0.0,0,0.0,0,7.2292,0,-2,1,-2,-2,1,0
1240.0,0,0,2.0,0,24.0,0,0.0,0,0.0,0,13.5,0,-2,0,-2,-2,0,0
1241.0,0,0,2.0,0,31.0,0,0.0,0,0.0,0,21.0,0,-2,1,142,-2,0,1
1242.0,0,0,1.0,0,45.0,0,0.0,0,1.0,0,63.3583,0,-2,1,388,86,1,1
1243.0,0,0,2.0,0,25.0,0,0.0,0,0.0,0,10.5,0,-2,0,-2,-2,0,0
1244.0,0,0,2.0,0,18.0,0,0.0,0,0.0,0,73.5,0,-2,0,330,-2,0,0
1245.0,0,0,2.0,0,49.0,0,1.0,0,2.0,0,65.0,0,-2,0,245,-2,0,0
1246.0,0,0,3.0,0,0.17,0,1.0,0,2.0,0,20.575,0,-2,1,375,-2,0,1
1247.0,0,0,1.0,0,50.0,0,0.0,0,0.0,0,26.0,0,-2,0,-2,-2,0,0
1248.0,0,0,1.0,0,59.0,0,2.0,0,0.0,0,51.4792,0,-2,1,382,85,0,1
1249.0,0,0,3.0,0,28.0,1,0.0,0,0.0,0,7.8792,0,-2,0,-2,-2,0,0
1250.0,0,0,3.0,0,28.0,1,0.0,0,0.0,0,7.75,0,-2,0,-2,-2,2,0
1251.0,0,0,3.0,0,30.0,0,1.0,0,0.0,0,15.55,0,-2,1,363,-2,0,0
1252.0,0,0,3.0,0,14.5,0,8.0,0,2.0,0,69.55,0,-2,0,195,-2,0,0
1253.0,0,0,2.0,0,24.0,0,1.0,0,1.0,0,37.0042,0,-2,1,82,-2,1,1
1254.0,0,0,2.0,0,31.0,0,0.0,0,0.0,0,21.0,0,-2,1,-2,-2,0,1
1255.0,0,0,3.0,0,27.0,0,0.0,0,0.0,0,8.6625,0,-2,0,-2,-2,0,0
1256.0,0,0,1.0,0,25.0,0,1.0,0,0.0,0,55.4417,0,-2,1,337,73,1,1
1257.0,0,0,3.0,0,28.0,1,1.0,0,9.0,0,69.55,0,-2,1,195,-2,0,0
1258.0,0,0,3.0,0,28.0,1,1.0,0,0.0,0,14.4583,0,-2,0,2,-2,1,0
1259.0,0,0,3.0,0,22.0,0,0.0,0,0.0,0,39.6875,0,-2,1,50,-2,0,0
1260.0,0,0,1.0,0,45.0,0,0.0,0,1.0,0,59.4,0,-2,1,-2,-2,1,1
1261.0,0,0,2.0,0,29.0,0,0.0,0,0.0,0,13.8583,0,-2,0,-2,-2,1,0
1262.0,0,0,2.0,0,21.0,0,1.0,0,0.0,0,11.5,0,-2,0,-2,-2,0,0
1263.0,0,0,1.0,0,31.0,0,0.0,0,0.0,0,134.5,0,-2,1,191,-2,1,1
1264.0,0,0,1.0,0,49.0,0,0.0,0,0.0,0,0.0,0,-2,0,359,-2,0,0
1265.0,0,0,2.0,0,44.0,0,0.0,0,0.0,0,13.0,0,-2,0,-2,-2,0,0
1266.0,0,0,1.0,0,54.0,0,1.0,0,1.0,0,81.8583,0,-2,1,-2,-2,0,1
1267.0,0,0,1.0,0,45.0,0,0.0,0,0.0,0,262.375,0,-2,1,396,-2,1,1
1268.0,0,0,3.0,0,22.0,0,2.0,0,0.0,0,8.6625,0,-2,1,-2,-2,0,0
1269.0,0,0,2.0,0,21.0,0,0.0,0,0.0,0,11.5,0,-2,0,-2,-2,0,0
1270.0,0,0,1.0,0,55.0,0,0.0,0,0.0,0,50.0,0,-2,0,-2,-2,0,0
1271.0,0,0,3.0,0,5.0,0,4.0,0,2.0,0,31.3875,0,-2,0,313,-2,0,0
1272.0,0,0,3.0,0,28.0,1,0.0,0,0.0,0,7.75,0,-2,0,-2,-2,2,0
1273.0,0,0,3.0,0,26.0,0,0.0,0,0.0,0,7.8792,0,-2,0,-2,-2,2,0
1274.0,0,0,3.0,0,28.0,1,0.0,0,0.0,0,14.5,0,-2,1,315,-2,0,0
1275.0,0,0,3.0,0,19.0,0,1.0,0,0.0,0,16.1,0,-2,1,135,-2,0,0
1276.0,0,0,2.0,0,28.0,1,0.0,0,0.0,0,12.875,0,-2,0,-2,-2,0,0
1277.0,0,0,2.0,0,24.0,0,1.0,0,2.0,0,65.0,0,-2,1,245,-2,0,1
1278.0,0,0,3.0,0,24.0,0,0.0,0,0.0,0,7.775,0,-2,0,-2,-2,0,0
1279.0,0,0,2.0,0,57.0,0,0.0,0,0.0,0,13.0,0,-2,0,-2,-2,0,0
1280.0,0,0,3.0,0,21.0,0,0.0,0,0.0,0,7.75,0,-2,0,-2,-2,2,0
1281.0,0,0,3.0,0,6.0,0,3.0,0,1.0,0,21.075,0,-2,0,105,-2,0,0
1282.0,0,0,1.0,0,23.0,0,0.0,0,0.0,0,93.5,0,-2,0,49,-2,0,0
1283.0,0,0,1.0,0,51.0,0,0.0,0,1.0,0,39.4,0,-2,1,-2,-2,0,1
1284.0,0,0,3.0,0,13.0,0,0.0,0,2.0,0,20.25,0,-2,0,267,-2,0,0
1285.0,0,0,2.0,0,47.0,0,0.0,0,0.0,0,10.5,0,-2,0,-2,-2,0,0
1286.0,0,0,3.0,0,29.0,0,3.0,0,1.0,0,22.025,0,-2,0,-2,-2,0,0
1287.0,0,0,1.0,0,18.0,0,1.0,0,0.0,0,60.0,0,-2,1,-2,-2,0,1
1288.0,0,0,3.0,0,24.0,0,0.0,0,0.0,0,7.25,0,-2,0,-2,-2,2,0
1289.0,0,0,1.0,0,48.0,0,1.0,0,1.0,0,79.2,0,-2,1,459,102,1,1
1290.0,0,0,3.0,0,22.0,0,0.0,0,0.0,0,7.775,0,-2,0,-2,-2,0,0
1291.0,0,0,3.0,0,31.0,0,0.0,0,0.0,0,7.7333,0,-2,0,-2,-2,2,0
1292.0,0,0,1.0,0,30.0,0,0.0,0,0.0,0,164.8667,0,-2,1,181,100,0,1
1293.0,0,0,2.0,0,38.0,0,1.0,0,0.0,0,21.0,0,-2,0,362,-2,0,0
1294.0,0,0,1.0,0,22.0,0,0.0,0,1.0,0,59.4,0,-2,1,-2,-2,1,1
1295.0,0,0,1.0,0,17.0,0,0.0,0,0.0,0,47.1,0,-2,0,-2,-2,0,0
1296.0,0,0,1.0,0,43.0,0,1.0,0,0.0,0,27.7208,0,-2,0,-2,-2,1,0
1297.0,0,0,2.0,0,20.0,0,0.0,0,0.0,0,13.8625,0,-2,0,-2,-2,1,0
1298.0,0,0,2.0,0,23.0,0,1.0,0,0.0,0,10.5,0,-2,0,-2,-2,0,0
1299.0,0,0,1.0,0,50.0,0,1.0,0,1.0,0,211.5,0,-2,0,374,-2,1,0
1300.0,0,0,3.0,0,28.0,1,0.0,0,0.0,0,7.7208,0,-2,1,-2,-2,2,0
1301.0,0,0,3.0,0,3.0,0,1.0,0,1.0,0,13.775,0,-2,1,-2,-2,0,0
1302.0,0,0,3.0,0,28.0,1,0.0,0,0.0,0,7.75,0,-2,1,-2,-2,2,0
1303.0,0,0,1.0,0,37.0,0,1.0,0,0.0,0,90.0,0,-2,1,322,67,2,1
1304.0,0,0,3.0,0,28.0,0,0.0,0,0.0,0,7.775,0,-2,1,-2,-2,0,0
1305.0,0,0,3.0,0,28.0,1,0.0,0,0.0,0,8.05,0,-2,0,-2,-2,0,0
1306.0,0,0,1.0,0,39.0,0,0.0,0,0.0,0,108.9,0,-2,1,466,-2,1,1
1307.0,0,0,3.0,0,38.5,0,0.0,0,0.0,0,7.25,0,-2,0,-2,-2,0,0
1308.0,0,0,3.0,0,28.0,1,0.0,0,0.0,0,8.05,0,-2,0,-2,-2,0,0
1309.0,0,0,3.0,0,28.0,1,1.0,0,1.0,0,22.3583,0,-2,0,129,-2,1,0
